{
    "root_group": {
        "name": "",
        "path": "",
        "id": "d41d8cd98f00b204e9800998ecf8427e",
        "groups": {},
        "checks": {
                "status 200": {
                    "name": "status 200",
                    "path": "::status 200",
                    "id": "fad9fa412b86fcb03bee97c80dcd61f1",
                    "passes": 52,
                    "fails": 0
                }
            }
    },
    "metrics": {
        "http_req_waiting": {
            "avg": 968.342675,
            "min": 486.0463,
            "med": 905.5057999999999,
            "max": 1782.1633,
            "p(90)": 1310.41512,
            "p(95)": 1758.0193849999998
        },
        "vus": {
            "value": 1,
            "min": 1,
            "max": 5
        },
        "http_req_sending": {
            "avg": 0.06678076923076923,
            "min": 0,
            "med": 0,
            "max": 0.6866,
            "p(90)": 0.46367999999999926,
            "p(95)": 0.5324149999999999
        },
        "data_sent": {
            "count": 13147,
            "rate": 407.9166193732228
        },
        "data_received": {
            "count": 1014981,
            "rate": 31492.17450734411
        },
        "http_req_duration": {
            "avg": 991.6053865384614,
            "min": 489.9525,
            "med": 909.7494,
            "max": 1925.5371,
            "p(90)": 1323.74865,
            "p(95)": 1924.8505,
            "thresholds": {
                "p(95)<3000": false
            }
        },
        "iteration_duration": {
            "min": 2491.716,
            "med": 2910.7961,
            "max": 4079.0802,
            "p(90)": 3324.89028,
            "p(95)": 4078.2985,
            "avg": 3007.133963461538
        },
        "http_req_failed": {
            "passes": 0,
            "fails": 52,
            "thresholds": {
                "rate<0.05": false
            },
            "value": 0
        },
        "vus_max": {
            "value": 5,
            "min": 5,
            "max": 5
        },
        "http_reqs": {
            "count": 52,
            "rate": 1.6134223935047982
        },
        "http_req_duration{expected_response:true}": {
            "max": 1925.5371,
            "p(90)": 1323.74865,
            "p(95)": 1924.8505,
            "avg": 991.6053865384614,
            "min": 489.9525,
            "med": 909.7494
        },
        "http_req_tls_handshaking": {
            "p(95)": 80.10382999999999,
            "avg": 7.714690384615385,
            "min": 0,
            "med": 0,
            "max": 80.7151,
            "p(90)": 0
        },
        "checks": {
            "passes": 52,
            "fails": 0,
            "value": 1
        },
        "http_req_connecting": {
            "p(95)": 17.081689999999995,
            "avg": 1.6528500000000004,
            "min": 0,
            "med": 0,
            "max": 18.3303,
            "p(90)": 0
        },
        "http_req_receiving": {
            "min": 0,
            "med": 8.3432,
            "max": 208.5369,
            "p(90)": 22.856099999999998,
            "p(95)": 155.6555,
            "avg": 23.19593076923077
        },
        "http_req_blocked": {
            "min": 0,
            "med": 0,
            "max": 152.134,
            "p(90)": 0.7456299999999997,
            "p(95)": 152.134,
            "avg": 14.653090384615384
        },
        "iterations": {
            "rate": 1.6134223935047982,
            "count": 52
        }
    }
}