{
    "root_group": {
        "path": "",
        "id": "d41d8cd98f00b204e9800998ecf8427e",
        "groups": {},
        "checks": {
                "status 200": {
                    "name": "status 200",
                    "path": "::status 200",
                    "id": "fad9fa412b86fcb03bee97c80dcd61f1",
                    "passes": 128,
                    "fails": 0
                }
            },
        "name": ""
    },
    "metrics": {
        "http_reqs": {
            "count": 128,
            "rate": 6.096921164842128
        },
        "checks": {
            "passes": 128,
            "fails": 0,
            "value": 1
        },
        "http_req_duration{expected_response:true}": {
            "avg": 590.8492679687499,
            "min": 253.8235,
            "med": 353.6778,
            "max": 2349.4812,
            "p(90)": 1629.51678,
            "p(95)": 1793.5957699999983
        },
        "http_req_receiving": {
            "avg": 0.61301640625,
            "min": 0,
            "med": 0.40915,
            "max": 12.5287,
            "p(90)": 1.0157399999999999,
            "p(95)": 1.3293499999999998
        },
        "iterations": {
            "count": 128,
            "rate": 6.096921164842128
        },
        "http_req_connecting": {
            "med": 0,
            "max": 17.3828,
            "p(90)": 0,
            "p(95)": 15.199,
            "avg": 1.2025453124999999,
            "min": 0
        },
        "data_received": {
            "count": 813472,
            "rate": 38747.45823286294
        },
        "data_sent": {
            "count": 28846,
            "rate": 1373.998343133094
        },
        "http_req_blocked": {
            "avg": 12.283409375,
            "min": 0,
            "med": 0,
            "max": 158.1924,
            "p(90)": 0,
            "p(95)": 156.3309
        },
        "http_req_waiting": {
            "avg": 590.2322195312502,
            "min": 252.8037,
            "med": 352.8663,
            "max": 2349.4812,
            "p(90)": 1629.3615,
            "p(95)": 1793.5957699999983
        },
        "http_req_failed": {
            "passes": 0,
            "fails": 128,
            "thresholds": {
                "rate<0.05": false
            },
            "value": 0
        },
        "http_req_duration": {
            "p(95)": 1793.5957699999983,
            "avg": 590.8492679687499,
            "min": 253.8235,
            "med": 353.6778,
            "max": 2349.4812,
            "p(90)": 1629.51678,
            "thresholds": {
                "p(95)<3000": false
            }
        },
        "vus_max": {
            "value": 10,
            "min": 10,
            "max": 10
        },
        "http_req_tls_handshaking": {
            "min": 0,
            "med": 0,
            "max": 107.1315,
            "p(90)": 0,
            "p(95)": 102.21955999999999,
            "avg": 8.093992187500001
        },
        "vus": {
            "value": 1,
            "min": 1,
            "max": 10
        },
        "iteration_duration": {
            "avg": 1604.1619820312503,
            "min": 1254.0964,
            "med": 1354.1268,
            "max": 3350.054,
            "p(90)": 2779.81272,
            "p(95)": 2838.559939999999
        },
        "http_req_sending": {
            "avg": 0.00403203125,
            "min": 0,
            "med": 0,
            "max": 0.5161,
            "p(90)": 0,
            "p(95)": 0
        }
    }
}