{
    "root_group": {
        "groups": {},
        "checks": {
                "status 200": {
                    "fails": 0,
                    "name": "status 200",
                    "path": "::status 200",
                    "id": "fad9fa412b86fcb03bee97c80dcd61f1",
                    "passes": 527
                }
            },
        "name": "",
        "path": "",
        "id": "d41d8cd98f00b204e9800998ecf8427e"
    },
    "metrics": {
        "http_req_tls_handshaking": {
            "avg": 1.5025032258064515,
            "min": 0,
            "med": 0,
            "max": 92.0128,
            "p(90)": 0,
            "p(95)": 12.29256
        },
        "http_req_connecting": {
            "med": 0,
            "max": 103.3737,
            "p(90)": 0,
            "p(95)": 9.700139999999994,
            "avg": 1.2256842504743835,
            "min": 0
        },
        "vus": {
            "value": 2,
            "min": 2,
            "max": 50
        },
        "data_received": {
            "count": 3560345,
            "rate": 100611.04776557564
        },
        "http_reqs": {
            "count": 527,
            "rate": 14.892383230405581
        },
        "http_req_duration{expected_response:true}": {
            "avg": 1230.730834155598,
            "min": 228.5501,
            "med": 1186.7833,
            "max": 2971.4516,
            "p(90)": 2079.81378,
            "p(95)": 2213.92386
        },
        "http_req_waiting": {
            "p(95)": 2213.92386,
            "avg": 1230.334950474384,
            "min": 227.5568,
            "med": 1186.4856,
            "max": 2970.532,
            "p(90)": 2079.21006
        },
        "vus_max": {
            "value": 50,
            "min": 50,
            "max": 50
        },
        "http_req_receiving": {
            "avg": 0.36021423149905124,
            "min": 0,
            "med": 0,
            "max": 3.0171,
            "p(90)": 1.00316,
            "p(95)": 1.1182099999999997
        },
        "iterations": {
            "count": 527,
            "rate": 14.892383230405581
        },
        "http_req_duration": {
            "avg": 1230.730834155598,
            "min": 228.5501,
            "med": 1186.7833,
            "max": 2971.4516,
            "p(90)": 2079.81378,
            "p(95)": 2213.92386,
            "thresholds": {
                "p(95)<5000": false
            }
        },
        "checks": {
            "fails": 0,
            "passes": 527,
            "value": 1
        },
        "http_req_blocked": {
            "avg": 2.852899240986717,
            "min": 0,
            "med": 0,
            "max": 158.6396,
            "p(90)": 0.5146600000000002,
            "p(95)": 23.449429999999992
        },
        "data_sent": {
            "count": 134285,
            "rate": 3794.7318445825686
        },
        "http_req_sending": {
            "med": 0,
            "max": 1.7003,
            "p(90)": 0,
            "p(95)": 0,
            "avg": 0.03566944971537002,
            "min": 0
        },
        "http_req_failed": {
            "fails": 527,
            "passes": 0,
            "thresholds": {
                "rate<0.10": false
            },
            "value": 0
        },
        "iteration_duration": {
            "p(95)": 2715.1015199999997,
            "avg": 1734.7488601518023,
            "min": 729.0291,
            "med": 1689.289,
            "max": 3505.7735,
            "p(90)": 2583.5593200000003
        }
    }
}